{
    "packages": [
        {
            "name": "phpmailer/phpmailer",
            "version": "v6.5.3",
            "version_normalized": "6.5.3.0",
            "source": {
                "type": "git",
                "url": "https://github.com/PHPMailer/PHPMailer.git",
                "reference": "baeb7cde6b60b1286912690ab0693c7789a31e71"
            },
            "dist": {
                "type": "zip",
                "url": "https://api.github.com/repos/PHPMailer/PHPMailer/zipball/baeb7cde6b60b1286912690ab0693c7789a31e71",
                "reference": "baeb7cde6b60b1286912690ab0693c7789a31e71",
                "shasum": ""
            },
            "require": {
                "ext-ctype": "*",
                "ext-filter": "*",
                "ext-hash": "*",
                "php": ">=5.5.0"
            },
            "require-dev": {
                "dealerdirect/phpcodesniffer-composer-installer": "^0.7.0",
                "doctrine/annotations": "^1.2",
                "php-parallel-lint/php-console-highlighter": "^0.5.0",
                "php-parallel-lint/php-parallel-lint": "^1.3",
                "phpcompatibility/php-compatibility": "^9.3.5",
                "roave/security-advisories": "dev-latest",
                "squizlabs/php_codesniffer": "^3.6.0",
                "yoast/phpunit-polyfills": "^1.0.0"
            },
            "suggest": {
                "ext-mbstring": "Needed to send email in multibyte encoding charset or decode encoded addresses",
                "hayageek/oauth2-yahoo": "Needed for Yahoo XOAUTH2 authentication",
                "league/oauth2-google": "Needed for Google XOAUTH2 authentication",
                "psr/log": "For optional PSR-3 debug logging",
                "stevenmaguire/oauth2-microsoft": "Needed for Microsoft XOAUTH2 authentication",
                "symfony/polyfill-mbstring": "To support UTF-8 if the Mbstring PHP extension is not enabled (^1.2)"
            },
            "time": "2021-11-25T16:34:11+00:00",
            "type": "library",
            "installation-source": "dist",
            "autoload": {
                "psr-4": {
                    "PHPMailer\\PHPMailer\\": "src/"
                }
            },
            "notification-url": "https://packagist.org/downloads/",
            "license": [
                "LGPL-2.1-only"
            ],
            "authors": [
                {
                    "name": "Marcus Bointon",
                    "email": "phpmailer@synchromedia.co.uk"
                },
                {
                    "name": "Jim Jagielski",
                    "email": "jimjag@gmail.com"
                },
                {
                    "name": "Andy Prevost",
                    "email": "codeworxtech@users.sourceforge.net"
                },
                {
                    "name": "Brent R. Matzelle"
                }
            ],
            "description": "PHPMailer is a full-featured email creation and transfer class for PHP",
            "support": {
                "issues": "https://github.com/PHPMailer/PHPMailer/issues",
                "source": "https://github.com/PHPMailer/PHPMailer/tree/v6.5.3"
            },
            "funding": [
                {
                    "url": "https://github.com/Synchro",
                    "type": "github"
                }
            ],
            "install-path": "../phpmailer/phpmailer"
        },
        {
            "name": "smarty/smarty",
            "version": "v3.1.44",
            "version_normalized": "3.1.44.0",
            "source": {
                "type": "git",
                "url": "https://github.com/smarty-php/smarty.git",
                "reference": "99085d8dc65eeb5e55ae3cba74d3dc6b3bb0205e"
            },
            "dist": {
                "type": "zip",
                "url": "https://api.github.com/repos/smarty-php/smarty/zipball/99085d8dc65eeb5e55ae3cba74d3dc6b3bb0205e",
                "reference": "99085d8dc65eeb5e55ae3cba74d3dc6b3bb0205e",
                "shasum": ""
            },
            "require": {
                "php": ">=5.2"
            },
            "require-dev": {
                "phpunit/phpunit": "^7.5 || ^6.5 || ^5.7 || ^4.8",
                "smarty/smarty-lexer": "^3.1"
            },
            "time": "2022-01-17T23:12:04+00:00",
            "type": "library",
            "extra": {
                "branch-alias": {
                    "dev-master": "3.1.x-dev"
                }
            },
            "installation-source": "dist",
            "autoload": {
                "classmap": [
                    "libs/"
                ]
            },
            "notification-url": "https://packagist.org/downloads/",
            "license": [
                "LGPL-3.0"
            ],
            "authors": [
                {
                    "name": "Monte Ohrt",
                    "email": "monte@ohrt.com"
                },
                {
                    "name": "Uwe Tews",
                    "email": "uwe.tews@googlemail.com"
                },
                {
                    "name": "Rodney Rehm",
                    "email": "rodney.rehm@medialize.de"
                }
            ],
            "description": "Smarty - the compiling PHP template engine",
            "homepage": "http://www.smarty.net",
            "keywords": [
                "templating"
            ],
            "support": {
                "forum": "http://www.smarty.net/forums/",
                "irc": "irc://irc.freenode.org/smarty",
                "issues": "https://github.com/smarty-php/smarty/issues",
                "source": "https://github.com/smarty-php/smarty/tree/v3.1.44"
            },
            "install-path": "../smarty/smarty"
        }
    ],
    "dev": true,
    "dev-package-names": []
}
